{"min_fitness": [512.0, 512.0, 512.0, 512.0, 512.0, 512.0, 512.0], "max_fitness": [1944.0, 1960.0, 1960.0, 1960.0, 1960.0, 1960.0, 1960.0], "mean_fitness": [597.6, 591.6, 616.1333333333333, 623.4933333333333, 669.36, 761.0666666666667, 898.2933333333333]}